name,counta,money,totalPerformances,type,theatre
13,14,3577388,96,Musical,Jacobs
1776,44,12979845,325,Musical,Criterion
110 In The Shade,15,4971529,94,Musical,Studio 54
33 Variations,15,4380302,85,Play,Eugene O'Neill
42Nd Street '01,193,131200806,1509,Musical,Ford Center
45 Seconds From Broadway,13,3839871,73,Play,Richard Rodgers
700 Sundays,29,21674355,163,Play,Broadhurst
700 Sundays '13,7,8106145,41,Play,Imperial
9 To 5,22,15231411,148,Musical,Marquis
A Behanding In Spokane,15,6848680,108,Play,Schoenfeld
A Bronx Tale,19,4888172,111,Play,Walter Kerr
A Catered Affair,18,6453273,116,Musical,Walter Kerr
A Chorus Line '06,97,53780422,759,Musical,Schoenfeld
A Christmas Carol '01,1,819397,8,Play,Marquis
A Christmas Story,7,8172266,51,Musical,Lunt-Fontanne
A Class Act,17,2558362,105,Musical,Ambassador
A Day In The Death Of Joe Egg,12,2874477,69,Play,American Airlines
A Delicate Balance,26,5995428,185,Play,Plymouth
A Delicate Balance 2014,17,11703597,100,Play,Golden
A Doll'S House,23,6495976,150,Play,Belasco
A Free Man Of Color,11,2591058,53,Play,Vivian Beaumont
A Funny Thing Happened On The Way To The Forum,94,48856284,715,Musical,St. James
A Gentleman'S Guide To Love And Murder,116,72984951,896,Musical,Walter Kerr
A Life In The Theatre,10,2583745,56,Play,Schoenfeld
A Little More Magic,3,160000,19,Special,Belasco
A Little Night Music,56,38606667,425,Musical,Walter Kerr
A Man For All Seasons,14,3612196,73,Play,American Airlines
A Midsummer Night'S Dream,10,2731254,65,Play,Lunt-Fontanne
A Mom'S Life,3,11623,3,Special,Belasco
A Month In The Country,2,320994,15,Play,Criterion
A Moon For The Misbegotten 00,16,5140269,120,Play,Walter Kerr
A Moon For The Misbegotten 07,11,5912588,71,Play,Brooks Atkinson
A Naked Girl On The Appian Way,12,3082541,69,Play,American Airlines
A Night With Janis Joplin,21,7234546,140,Musical,Lyceum
A Raisin In The Sun,15,7941028,88,Play,Royale
A Raisin In The Sun '14,15,16253561,85,Play,Ethel Barrymore
A Steady Rain,13,15168742,80,Play,Schoenfeld
A Streetcar Named Desire '12,16,6060065,105,Play,Broadhurst
A Streetcar Named Desire 05,15,4079447,73,Play,Studio 54
A Streetcar Named Desire 92,21,5947347,137,Play,Ethel Barrymore
A Tale Of Two Cities,12,4655502,60,Musical,Al Hirschfeld
A Thousand Clowns,9,1019814,32,Play,Criterion
A Thousand Clowns 01,12,2658624,83,Play,Longacre
A Time To Kill,8,1720560,33,Play,Golden
A Touch Of The Poet,12,3609646,58,Play,Studio 54
A View From The Bridge,35,6475447,239,Play,Criterion
A View From The Bridge '10,14,10935941,81,Play,Cort
A View From The Bridge 2015,18,8427267,115,Play,Lyceum
A Year With Frog And Toad,11,1736421,73,Musical,Cort
Absurd Person Singular,11,1816196,56,Play,Biltmore
Accent On Youth,12,2028775,71,Play,Friedman
Act One,13,4761068,67,Play,Vivian Beaumont
After Midnight,37,21234352,273,Musical,Brooks Atkinson
After Miss Julie,12,2534646,53,Play,American Airlines
After The Fall,12,2998486,53,Play,American Airlines
After The Night And The Music,10,1558313,38,Play,Biltmore
"Ah, Wilderness",11,1721052,54,Play,Vivian Beaumont
Aida,237,165928398,1852,Musical,Palace
Airline Highway,10,1521105,53,Play,Friedman
Aladdin,129,190338628,1008,Musical,New Amsterdam
All About Me,6,1354494,20,Musical,Henry Miller (Rndabt)
All My Sons 08,17,11029640,101,Play,Schoenfeld
All Shook Up,32,14447491,213,Musical,Palace
All The Way,20,19492726,131,Play,Neil Simon
Allegiance,19,8614614,111,Musical,Longacre
Amadeus,22,5019461,173,Play,Music Box
Amazing Grace,18,5540127,116,Musical,Nederlander
American Buffalo,4,739550,8,Play,Belasco
American Idiot,57,39798052,422,Musical,St. James
American Psycho,11,5627480,54,Musical,Schoenfeld
Amour,7,1338399,17,Musical,Music Box
Amy'S View,16,5911176,103,Play,Ethel Barrymore
An Act Of God,13,11082666,76,Play,Studio 54
An Act Of God 2016,12,3495760,75,Play,Booth
An Almost Holy Picture,11,2534937,69,Play,American Airlines
An American Daughter,15,2712516,89,Play,Cort
An American In Paris,75,78682788,559,Musical,Palace
An Enemy Of The People,11,1967382,59,Play,Friedman
An Evening With Jerry Herman,6,365391,28,Musical,Booth
An Evening With Patti Lupone And Mandy Patinkin,9,3740974,57,Special,Ethel Barrymore
An Ideal Husband,40,7755341,307,Play,Ethel Barrymore
Ann,19,5251537,132,Play,Vivian Beaumont
Anna In The Tropics,16,3115592,113,Play,Royale
Annie,32,12836836,239,Musical,Martin Beck
Annie '12,66,59051957,487,Musical,Palace
Annie Get Your Gun,135,82148713,1045,Musical,Marquis
Anything Goes '11,70,47288859,521,Musical,Stephen Sondheim
Arcadia,13,2986504,104,Play,Vivian Beaumont
Arcadia '11,17,4881785,108,Play,Ethel Barrymore
Art,78,24287247,600,Play,Royale
As Long As We Both Shall Laugh,14,330477,15,Special,American Airlines
Assassins,16,6024383,101,Musical,Studio 54
August: Osage County,84,32835606,648,Play,Imperial
Avenue Q,321,121918918,2534,Musical,Golden
Awake And Sing!,14,3384141,80,Play,Belasco
Aznavour,4,1331285,23,Special,Marquis
Baby It'S You!,24,9111694,148,Musical,Broadhurst
Band In Berlin,5,383380,17,Musical,Helen Hayes
Barbara Cook: Mostly Sondheim,18,1202305,26,Special,Vivian Beaumont
Barbara Cook'S Broadway,4,438437,7,Special,Vivian Beaumont
Barefoot In The Park,17,4501355,109,Play,Cort
Barrymore,34,6566575,236,Play,Music Box
Bea Arthur On Broadway,11,1715877,65,Special,Booth
Beautiful,143,143568862,1080,Musical,Stephen Sondheim
Beauty And The Beast,690,429158458,5461,Musical,Palace
Bells Are Ringing,13,3527176,68,Musical,Plymouth
Bengal Tiger At The Bagdhad Zoo,17,7889821,108,Play,Richard Rodgers
Betrayal,16,3934071,89,Play,American Airlines
Betrayal '13,14,17501418,83,Play,Ethel Barrymore
Big,27,9736877,193,Musical,Shubert
Big Fish,17,10858194,98,Musical,Neil Simon
Big River '03,12,2802669,67,Musical,American Airlines
Bill Maher: Victory Begins At Home,3,533861,16,Special,Virginia
Billy Elliot: The Musical,171,183514378,1312,Musical,Imperial
Blackbird,19,7855675,108,Play,Belasco
Blast!,25,8169127,180,Musical,Broadway
Blithe Spirit '09,21,11603724,145,Play,Shubert
Bloody Bloody Andrew Jackson,15,5629559,94,Musical,Jacobs
Bobbi Boland,1,100389,0,Play,Cort
Boeing-Boeing,38,13951563,279,Play,Longacre
Bombay Dreams,40,22437579,284,Musical,Broadway
Bonnie And Clyde,9,3277347,36,Musical,Schoenfeld
Born Yesterday '11,13,2792677,73,Play,Cort
Breakfast At Tiffany'S,7,2475937,38,Play,Cort
Bridge And Tunnel,30,6135555,213,Play,Helen Hayes
Brief Encounter,17,5210372,111,Play,Studio 54
Bright Star,18,7474494,109,Musical,Cort
Brighton Beach Memoirs '09,5,539369,9,Play,Nederlander
"Bring In Da Noise, Bring In Da Funk",144,54448939,1135,Musical,Ambassador
Bring It On The Musical,25,11410177,171,Musical,St. James
Broken Glass,11,1393461,73,Play,Booth
Bronx Bombers,8,1212059,29,Play,Circle In The Square
Brooklyn,40,10108600,284,Musical,Plymouth
Brooklyn Boy,11,2135668,62,Play,Biltmore
Bullets Over Broadway,24,18176367,156,Musical,St. James
Buried Child,11,1361820,72,Play,Brooks Atkinson
Burn The Floor,25,9285678,185,Musical,Longacre
Bus Stop,7,650106,29,Play,Circle In The Square
Butley,15,5424237,94,Play,Booth
Buttons On Broadway,1,27020,3,Special,Ambassador
By Jeeves,11,2090954,73,Musical,Helen Hayes
Bye Bye Birdie,20,11485459,117,Musical,Henry Miller (Rndabt)
Cabaret '14,54,41150028,388,Musical,Studio 54
Cabaret 98,304,119389439,2377,Musical,Kit Kat Klub
Candide,15,5065916,104,Musical,Gershwin
"Caroline, Or Change",20,7527718,136,Musical,Eugene O'Neill
Casa Valentina,13,3028464,79,Play,Friedman
Cat On A Hot Tin Roof '12,15,11661203,84,Play,Richard Rodgers
Cat On A Hot Tin Roof 03,22,8898242,145,Play,Music Box
Cat On A Hot Tin Roof 08,19,12603337,125,Play,Broadhurst
Catch Me If You Can,26,16863570,166,Musical,Neil Simon
Cats,251,106573965,2008,Musical,Winter Garden
Cats 2016,5,4404457,17,Musical,Neil Simon
Chaplin,20,8518390,135,Musical,Ethel Barrymore
Chicago,1032,560575239,8202,Musical,Richard Rodgers
China Doll,15,12630662,54,Play,Schoenfeld
Chinglish,16,4325401,109,Play,Longacre
Chita Rivera: The Dancer'S Life,13,3563420,72,Musical,Schoenfeld
Chitty Chitty Bang Bang,41,27509505,285,Musical,Hilton Theatre
Chronicle Of A Death Foretold,1,103769,0,Musical,Plymouth
Cinderella,102,88166620,769,Musical,Broadway
Cirque Dreams: Jungle Fantasy,10,5166140,70,Special,Broadway
Closer,24,5318897,172,Play,Music Box
Clybourne Park,23,8767402,157,Play,Walter Kerr
Colin Quinn - An Irish Wake,4,241753,22,Play,Helen Hayes
Colin Quinn: Long Story Short,20,3075662,135,Play,Helen Hayes
Collected Stories,10,1348639,54,Play,Friedman
"Come Back, Little Sheba",11,2052427,58,Play,Biltmore
Come Fly Away,27,18368158,188,Musical,Marquis
Company 06,35,12312349,246,Musical,Ethel Barrymore
Company 95,1,173012,0,Musical,Criterion
Constellations,13,6642180,76,Play,Friedman
Contact,131,60218526,1010,Musical,Vivian Beaumont
Copenhagen,44,11570839,326,Play,Royale
Coram Boy,6,1602370,30,Play,Imperial
Cry Baby,15,4077104,68,Musical,Marquis
Curtains,68,43628368,511,Musical,Al Hirschfeld
Cymbeline,10,2080001,40,Play,Vivian Beaumont
Cyrano De Bergerac,11,8098290,56,Play,Richard Rodgers
Cyrano De Bergerac '12,11,2369149,52,Play,American Airlines
Dame Edna:  Back With A Vengeance,26,7021853,163,Play,Music Box
Dame Edna: The Royal Tour,42,9815693,297,Play,Booth
Dames At Sea,15,2540354,85,Musical,Helen Hayes
Dance Of Death,17,5426431,108,Play,Broadhurst
Dance Of The Vampires,15,9431254,56,Musical,Minskoff
Danny Gans On Broadway,2,84362,6,Special,Neil Simon
Dead Accounts,9,3089827,44,Play,Music Box
Death Of A Salesman '12,16,12868982,78,Play,Ethel Barrymore
Death Of A Salesman 99,40,15190655,274,Play,Eugene O'Neill
Def Poetry Jam,27,3377597,198,Play,Longacre
Defending The Caveman,77,8314428,467,Play,Helen Hayes
Democracy,24,7091677,173,Play,Brooks Atkinson
Design For Living 01,13,2984209,69,Play,American Airlines
Desire Under The Elms,6,1381950,32,Play,St. James
Deuce,19,5361739,121,Play,Music Box
Dinner At Eight,10,2606844,45,Play,Vivian Beaumont
Dirty Blonde,47,7925422,352,Play,Helen Hayes
Dirty Rotten Scoundrels,83,58033865,627,Musical,Imperial
Disaster!,13,4293431,72,Musical,Nederlander
Disgraced,23,8534968,149,Play,Lyceum
Dividing The Estate,11,2796827,50,Play,Booth
Doctor Zhivago,7,3197457,23,Musical,Broadway
Don'T Dress For Dinner,12,2130070,61,Play,American Airlines
Donny & Marie: A Broadway Christmas,4,2843463,20,Special,Marquis
Doubt,69,27656473,525,Play,Walter Kerr
Dr. Seuss' How The Grinch Stole Christmas!,11,13343784,107,Musical,Hilton Theatre
Dr. Seuss' How The Grinch Stole Christmas! 07,9,9559565,96,Musical,St. James
"Dracula, The Musical",23,6109526,157,Musical,Belasco
Dream: The Johnny Mercer Musical,17,3311853,109,Musical,Royale
Dreams And Nightmares,5,6033691,55,Special,Martin Beck
Driving Miss Daisy,27,13586627,180,Play,Golden
Drowning Crow,10,1619255,54,Play,Biltmore
Eclipsed,17,5744145,121,Play,Golden
Elaine Stritch At Liberty,16,5000248,69,Musical,Neil Simon
Electra,18,4629683,116,Play,Ethel Barrymore
Elf,9,10335917,57,Musical,Al Hirschfeld
Elf '12,9,8156846,74,Musical,Al Hirschfeld
Elling,4,686837,9,Play,Ethel Barrymore
Enchanted April,21,3492109,143,Play,Belasco
End Of The Rainbow,22,6856068,160,Play,Belasco
Enron,5,1489074,16,Play,Broadhurst
Epic Proportions,15,1317751,93,Play,Helen Hayes
Equus,23,11962267,156,Play,Broadhurst
Eugene Onegin,1,97542,7,Special,Martin Beck
Everyday Rapture,12,2358299,85,Musical,American Airlines
Evita,46,52678175,337,Musical,Marquis
Exit The King,15,6703380,93,Play,Ethel Barrymore
Faith Healer,17,7583448,117,Play,Booth
Fela!,63,31991438,463,Musical,Eugene O'Neill
Fela! '12,4,1461335,28,Musical,Al Hirschfeld
Fences '10,13,12908907,88,Play,Cort
Festen,9,1853946,49,Play,Music Box
Fiddler On The Roof 04,103,57635884,781,Musical,Minskoff
Fiddler On The Roof 2015,39,34433246,271,Musical,Broadway
Finding Neverland,75,63493938,557,Musical,Lunt-Fontanne
Finian'S Rainbow,15,7888826,92,Musical,St. James
First Date,26,10018641,174,Musical,Longacre
Fish In The Dark,26,27652896,173,Play,Cort
Flower Drum Song,25,11264444,169,Musical,Virginia
Follies,19,7080718,117,Musical,Belasco
Follies '11,25,19566692,152,Musical,Marquis
Fool For Love,13,3721858,75,Play,Friedman
Fool Moon '98,7,1686553,49,Special,Brooks Atkinson
Footloose,91,37134917,709,Musical,Richard Rodgers
Forever Tango '04,15,2477612,114,Musical,Shubert
Forever Tango '13,10,3041368,73,Special,Walter Kerr
Forever Tango '97,58,13872413,458,Special,Walter Kerr
Fortune'S Fool,20,4318899,127,Play,Music Box
Fosse,140,68997054,1093,Musical,Broadhurst
Frankie And Johnny In The Claire De Lune,33,11458493,243,Play,Belasco
Frankie Valli And The Four Seasons On Broadway,2,1404082,7,Special,Broadway
Freak,24,5283095,144,Play,Cort
Frost/Nixon,21,9395227,137,Play,Jacobs
Frozen,17,2252052,128,Play,Circle In The Square
Fully Committed,18,7068657,112,Play,Lyceum
Fun Home,73,39767095,551,Musical,Circle In The Square
Garden District,7,510674,31,Play,Circle In The Square
Gem Of The Ocean,11,2577530,72,Play,Walter Kerr
George Gershwin Alone,14,1055351,96,Play,Helen Hayes
Getting And Spending,8,484281,41,Play,Helen Hayes
Ghetto Klown,20,6179540,95,Play,Lyceum
Ghost,23,13339472,136,Musical,Lunt-Fontanne
Gigi,14,7028015,86,Musical,Neil Simon
Glengarry Glen Ross '05,21,8532405,137,Play,Royale
Glengarry Glen Ross '12,14,14301932,45,Play,Schoenfeld
Glory Days,3,111283,1,Musical,Circle In The Square
God Of Carnage,61,37345584,452,Play,Jacobs
"God Said ""Ha""",5,286310,22,Play,Lyceum
Godspell,37,11106035,264,Musical,Circle In The Square
Golda'S Balcony,65,9309657,493,Play,Helen Hayes
Golden Boy,11,3106647,53,Play,Belasco
Golden Child,10,828439,69,Play,Longacre
Good People,16,5925428,101,Play,Friedman
Good Vibrations,18,5511066,94,Musical,Eugene O'Neill
Gore Vidal'S The Best Man,17,5998667,121,Play,Virginia
Gore Vidal'S The Best Man '12,27,18329754,185,Play,Schoenfeld
Grace,17,6479055,108,Play,Cort
Grease,107,36713376,858,Musical,Eugene O'Neill
Grease 07,74,47473854,554,Musical,Brooks Atkinson
Grey Gardens,43,17542980,307,Musical,Walter Kerr
Guys And Dolls '09,19,10220561,121,Musical,Nederlander
Gypsy '03,61,37762532,451,Musical,Shubert
Gypsy '08,45,31430300,332,Musical,St. James
Hair,69,50570863,519,Musical,Al Hirschfeld
Hair '11,10,3453758,67,Musical,St. James
Hairspray,336,252181270,2642,Musical,Neil Simon
Hamilton,57,98459890,428,Musical,Richard Rodgers
Hamlet '09,13,10010252,72,Play,Broadhurst
Hamlet 95,15,5094936,91,Play,Belasco
Hand To God,43,12134434,311,Play,Booth
Hands On A Hardbody,8,1597428,28,Musical,Brooks Atkinson
"Harry Connick, Jr. '10",3,2620770,15,Special,Neil Simon
Harvey,12,6802810,62,Play,Studio 54
Having Our Say,37,4589010,277,Play,Booth
Heartbreak House,14,3177764,79,Play,American Airlines
Hedda Gabler 01,17,3297340,117,Play,Ambassador
Hedda Gabler 09,12,2742238,74,Play,American Airlines
Hedwig And The Angry Inch,77,50259435,507,Musical,Belasco
"Hello, Dolly!",1,323839,0,Musical,Lunt-Fontanne
Henry Iv,12,4870242,58,Play,Vivian Beaumont
High,5,449955,7,Play,Booth
High Fidelity,4,1096116,14,Musical,Imperial
High Society,22,7317557,144,Musical,St. James
Holiday,2,92284,0,Play,Circle In The Square
Holler If Ya Hear Me,7,1209478,38,Musical,Palace
Hollywood Arms,13,2043835,76,Play,Cort
Honeymoon In Vegas,20,7609536,93,Musical,Nederlander
Honour,11,1132819,57,Play,Belasco
Hot Feet,14,3766746,97,Musical,Hilton Theatre
How To Succeed In Business Without Really Trying,8,3726626,64,Musical,Richard Rodgers
How To Succeed In Business Without Really Trying '11,65,59740764,473,Musical,Al Hirschfeld
"Hugh Jackman, Back On Broadway",10,14634985,61,Special,Broadhurst
Hughie,14,2673972,56,Play,Circle In The Square
Hughie 2016,7,2023264,37,Play,Booth
I Am My Own Wife,50,8648562,360,Play,Lyceum
I'Ll Eat You Last: A Chat With Sue Mengers,13,9561477,71,Play,Booth
I'M Not Rappaport '02,9,793377,53,Play,Booth
I'M Still Here...Damn It!,11,1228086,51,Play,Booth
If You Ever Leave Me�I'M Going With You,10,1361049,53,Play,Cort
If/Then,54,39635141,401,Musical,Richard Rodgers
Il Divo - A Musical Affair,1,1308223,6,Special,Marquis
Imaginary Friends,12,2857950,76,Play,Ethel Barrymore
Impressionism,11,2776558,56,Play,Schoenfeld
In My Life,11,1557164,61,Musical,Music Box
In The Heights,152,105302946,1184,Musical,Richard Rodgers
In The Next Room Or The Vibrator Play,12,2129999,60,Play,Lyceum
Indiscretions,1,280896,8,Play,Ethel Barrymore
Inherit The Wind 07,16,6805286,100,Play,Lyceum
Into The Woods '02,38,14731618,279,Musical,Broadhurst
Irena'S Vow,16,3070112,105,Play,Walter Kerr
Irving Berlin'S White Christmas,8,9354235,53,Musical,Marquis
Irving Berlin'S White Christmas '09,8,6872694,51,Musical,Marquis
Is He Dead?,16,2882050,105,Play,Lyceum
It Ain'T Nothin' But The Blues,37,6752894,284,Musical,Vivian Beaumont
It Shoulda Been You,21,7881052,135,Musical,Brooks Atkinson
It'S A Slippery Slope,11,410047,17,Special,Vivian Beaumont
It'S Only A Play,41,37500966,274,Play,Schoenfeld
Ivanov,11,2953109,51,Play,Vivian Beaumont
Jackie Mason:  Freshly Squeezed,26,2964688,172,Play,Helen Hayes
Jackie Mason:  Politically Incorrect,1,57491,7,Play,Golden
Jackie Mason: Much Ado About Everything,37,5303427,186,Play,Golden
Jackie Mason'S Laughing Room Only,6,1015629,14,Musical,Brooks Atkinson
Jackie: An American Life,21,2261732,128,Play,Belasco
James Joyce'S The Dead,18,4376057,120,Musical,Belasco
Jane Eyre,31,8083185,209,Musical,Brooks Atkinson
Jay Johnson: The Two And Only,10,587011,70,Play,Helen Hayes
Jekyll & Hyde,199,78056883,1543,Musical,Plymouth
Jekyll & Hyde '13,6,2470240,30,Musical,Marquis
Jerry Seinfeld,1,774652,10,Special,Broadhurst
Jersey Boys,565,538533258,4466,Musical,Virginia
Jerusalem,21,8004618,141,Play,Music Box
Jesus Christ Superstar,24,11284435,161,Musical,Ford Center (Tcn)
Jesus Christ Superstar '12,18,10882991,116,Musical,Neil Simon
Joe Turner'S Come And Gone '09,13,3022226,69,Play,Belasco
Journey'S End,18,2514849,125,Play,Belasco
Juan Darien,9,1187129,49,Musical,Vivian Beaumont
Judgment At Nuremberg,13,2025590,56,Play,Longacre
Julius Caesar,14,8543103,81,Play,Belasco
Jumpers,14,3957158,89,Play,Brooks Atkinson
Kat And The Kings,22,3418286,157,Musical,Cort
Kathy Griffin Wants A Tony,2,1021880,10,Special,Belasco
Kiki & Herb: Alive On Broadway,5,619680,27,Musical,Helen Hayes
King Charles Iii,17,9411612,103,Play,Music Box
King David,2,677313,6,Special,New Amsterdam
King Hedley Ii,12,2479599,72,Play,Virginia
King Lear,10,2832254,33,Play,Vivian Beaumont
Kinky Boots,181,204828647,1402,Musical,Al Hirschfeld
"Kiss Me, Kate",114,65051743,882,Musical,Martin Beck
Kiss Of The Spider Woman,1,186660,8,Musical,Broadhurst
La Bete '10,16,4382858,101,Play,Music Box
La Boh�me,31,20773921,228,Musical,Broadway
La Cage Aux Folles '04,33,16381491,229,Musical,Marquis
La Cage Aux Folles '10,56,29057813,433,Musical,Longacre
Lady Day At Emerson'S Bar & Grill,27,14085440,173,Play,Circle In The Square
Latinologues,16,1104272,93,Play,Helen Hayes
Laugh Whore,12,1828501,66,Play,Cort
Leap Of Faith,6,1343840,19,Musical,St. James
Legally Blonde,79,56338126,595,Musical,Palace
Lend Me A Tenor '10,23,8249462,153,Play,Music Box
Lennon,12,3596685,49,Musical,Broadhurst
Les Liaisons Dangereuses 08,13,3161855,77,Play,American Airlines
Les Miserables,365,171395852,2907,Musical,Imperial
Les Miserables '14,129,105089275,1000,Musical,Imperial
Les Miserables 2006,61,35140652,463,Musical,Broadhurst
Lestat,10,4630419,39,Musical,Palace
Let It Be,7,2535797,46,Special,St. James
Life X 3,16,4570880,104,Play,Circle In The Square
Little Me,18,3266231,99,Musical,Criterion
Little Shop Of Horrors,52,20607589,372,Musical,Virginia
Little Women,24,9793281,137,Musical,Virginia
Living On Love,5,811148,16,Play,Longacre
Liza'S At The Palace,5,3059851,22,Special,Palace
Lombardi,35,9313391,244,Play,Circle In The Square
London Assurance,11,1493967,72,Play,Criterion
Long Day'S Journey Into Night 03,19,11333178,117,Play,Plymouth
Long Day'S Journey Into Night 2016,13,5153917,61,Play,American Airlines
Looped,8,1262525,33,Play,Lyceum
Lord Of The Dance: Dangerous Games,9,3616869,67,Special,Lyric
Losing Louie,10,1548011,53,Play,Biltmore
Love / Life,5,280480,8,Special,Vivian Beaumont
Love Letters 2014,14,4124389,95,Play,Brooks Atkinson
Love Thy Neighbor,41,3856374,234,Play,Booth
Love! Valour! Compassion!,1,120573,8,Play,Walter Kerr
Lovemusik,11,2494723,60,Musical,Biltmore
Lucky Guy,19,22992145,104,Play,Broadhurst
Lysistrata Jones,9,1391172,30,Musical,Walter Kerr
Ma Rainey'S Black Bottom '03,11,2427214,68,Play,Royale
Macbeth '13,15,5202863,73,Play,Ethel Barrymore
Macbeth '13 (Lct),12,4251441,60,Play,Vivian Beaumont
Macbeth 00,3,489308,13,Play,Music Box
Macbeth 08,9,4105572,52,Play,Lyceum
Machinal,11,2123256,52,Play,American Airlines
Magic/Bird,8,1136102,37,Play,Longacre
Major Barbara,14,3217456,74,Play,American Airlines
Mamma Mia!,725,624391693,5758,Musical,Winter Garden
Man And Boy,12,3095607,57,Play,American Airlines
Man Of La Mancha 02,41,22483426,304,Musical,Martin Beck
Mandy Patinkin,4,563627,16,Special,Lyceum
Mandy Patinkin In Concert: Mamaloshen,4,726465,28,Special,Belasco
Manilow On Broadway,6,4160716,25,Special,St. James
Marc Salem'S Mind Games,24,287897,30,Special,Lyceum
Marie Christine,11,2982095,42,Musical,Vivian Beaumont
Mark Twain Tonight!,3,617468,15,Play,Brooks Atkinson
Marlene,5,681313,25,Musical,Cort
Martin Short: Fame Becomes Me,24,10842526,165,Musical,Jacobs
Mary Poppins,334,294558648,2619,Musical,New Amsterdam
Mary Stuart,20,6088106,137,Play,Broadhurst
Master Class,61,9350941,413,Play,Golden
Master Class '11,12,3244777,67,Play,Friedman
Master Harold�And The Boys,10,2276295,49,Play,Royale
Match,11,2333156,53,Play,Plymouth
Matilda,180,180252576,1394,Musical,Shubert
Matters Of The Heart,10,628230,11,Special,Vivian Beaumont
Mauritius,11,2293948,61,Play,Biltmore
Medea 02,12,2454181,78,Play,Brooks Atkinson
Memphis,150,104453840,1165,Musical,Shubert
"Men Are From Mars, Women Are From Venus",1,358316,7,Special,Gershwin
Metamorphoses,52,10455094,400,Play,Circle In The Square
Mike Tyson: Undisputed Truth,2,1204618,10,Special,Longacre
Million Dollar Quartet,66,28585196,489,Musical,Nederlander
Minnelli On Minnelli,5,2549836,20,Special,Palace
Misery,17,12518415,102,Play,Broadhurst
Miss Saigon,489,272191859,3885,Musical,Broadway
Monty Python'S Spamalot,202,168067350,1575,Musical,Shubert
Moon Over Buffalo,16,4904023,101,Play,Martin Beck
More To Love: A Big Fat Comedy,3,247279,5,Play,Eugene O'Neill
"Morning, Noon And Night",11,504719,12,Special,Vivian Beaumont
Morning'S At Seven,18,2766340,112,Play,Lyceum
Mothers And Sons,18,3558406,104,Play,Golden
Motown The Musical,97,115002552,738,Musical,Lunt-Fontanne
Motown The Musical 2016,3,1496081,24,Musical,Nederlander
Movin' Out,167,99919701,1303,Musical,Richard Rodgers
Mrs. Warren'S Profession,13,2917482,65,Play,American Airlines
Never Gonna Dance,16,6287836,84,Musical,Broadhurst
Newsies,128,109000717,1004,Musical,Nederlander
Next Fall,20,3056830,132,Play,Helen Hayes
Next To Normal,95,31764486,733,Musical,Booth
Nice Work If You Can Get It,64,51461746,478,Musical,Imperial
Night Mother,10,1700078,57,Play,Royale
Night Must Fall,20,2927757,119,Play,Lyceum
Nine,39,24448759,283,Musical,Eugene O'Neill
No Man'S Land/Waiting For Godot,23,14346510,145,Play,Cort
Noises Off '01,46,14678125,348,Play,Brooks Atkinson
Noises Off 2016,13,5339351,67,Play,American Airlines
Not About Nightingales,18,2465086,125,Play,Circle In The Square
November,30,11194646,205,Play,Ethel Barrymore
Of Mice And Men,19,15938704,118,Play,Longacre
Oklahoma!,53,34961595,388,Musical,Gershwin
Old Acquaintance,12,1809462,61,Play,American Airlines
Old Times,11,4039575,64,Play,American Airlines
Oldest Living Confederate Widow Tells All,4,225202,1,Play,Longacre
Oleanna,10,2177335,65,Play,Golden
On A Clear Day You Can See Forever,12,7253179,57,Musical,St. James
On Golden Pond,14,2947551,93,Play,Cort
On The Town,13,5236292,69,Musical,Gershwin
On The Town 2014,51,30840328,368,Musical,Lyric
On The Twentieth Century,23,11298280,144,Musical,American Airlines
On Your Feet!,45,44153666,322,Musical,Marquis
Once,149,110306780,1168,Musical,Jacobs
Once Upon A Mattress,28,7991729,188,Musical,Broadhurst
One Flew Over The Cuckoo'S Nest,20,6477718,121,Play,Royale
"One Man, Two Guvnors",22,13071416,159,Play,Music Box
One Mo' Time,5,514302,21,Musical,Longacre
Orphans,8,4056117,37,Play,Schoenfeld
Other Desert Cities,36,14799861,261,Play,Booth
Our Mother'S Brief Affair,10,1727741,53,Play,Friedman
Our Town 02,10,3757006,59,Play,Booth
Outside Mullingar,11,3351777,61,Play,Friedman
Pacific Overtures,12,3770036,69,Musical,Studio 54
Pal Joey,16,5574587,85,Musical,Studio 54
Parade,16,4349262,85,Musical,Vivian Beaumont
Paramour,18,16566410,94,Musical,Lyric
Passing Strange,24,5161374,165,Musical,Belasco
Patti Labelle On Broadway,2,989597,12,Special,St. James
Patti Lupone On Broadway,1,83374,0,Special,Walter Kerr
Penn & Teller On Broadway,6,7820655,41,Special,Marquis
Peter And The Starcatcher,43,17698854,319,Play,Brooks Atkinson
Peter Pan 98,28,13806567,214,Musical,Marquis
Picnic '12,11,2409844,49,Play,American Airlines
Pippin,94,68840074,709,Musical,Music Box
Play On!,10,1402692,61,Musical,Brooks Atkinson
Porgy And Bess '11,41,26381453,293,Musical,Richard Rodgers
Prelude To A Kiss 2007,11,1786550,61,Play,American Airlines
Present Laughter,26,4334972,175,Play,Walter Kerr
Present Laughter '10,12,3071438,69,Play,American Airlines
Primo,6,1952699,35,Play,Music Box
Priscilla Queen Of The Desert,69,48763901,526,Musical,Palace
Private Lives '11,9,2773632,53,Play,Music Box
Private Lives 02,20,7083941,127,Play,Richard Rodgers
"Promises, Promises",41,42951936,289,Musical,Broadway
Proof,117,32896994,917,Play,Walter Kerr
Proposals,11,2172196,77,Play,Broadhurst
Prune Danish,8,2080448,39,Play,Royale
Prymate,4,111855,5,Play,Longacre
Putting It Together,17,5371370,101,Musical,Ethel Barrymore
Pygmalion 07,13,3558323,69,Play,American Airlines
Qed,28,2165492,40,Play,Vivian Beaumont
Rabbit Hole,13,3203305,77,Play,Biltmore
Race,40,14939910,297,Play,Ethel Barrymore
Radio Golf,11,1825735,64,Play,Cort
Ragtime,108,79947694,834,Musical,Ford Center (Livent)
Ragtime '09,12,6030275,65,Musical,Neil Simon
Rain: A Tribute To The Beatles On Broadway,38,18014434,300,Musical,Neil Simon
Reasons To Be Pretty,14,1936204,85,Play,Lyceum
Reckless,13,3004690,77,Play,Biltmore
Red,16,6835696,101,Play,Golden
Relatively Speaking,19,10077527,117,Play,Brooks Atkinson
Rent,639,271555789,5091,Musical,Nederlander
Ring Of Fire,12,2775120,57,Musical,Ethel Barrymore
Ring Round The Moon,13,1282880,66,Play,Belasco
Riverdance,78,45553810,605,Musical,Gershwin
Rock 'N' Roll,19,6767495,123,Play,Jacobs
Rock Of Ages,295,128956082,2328,Musical,Brooks Atkinson
Rocky,27,19222100,180,Musical,Winter Garden
Romeo And Juliet,16,6208798,93,Play,Richard Rodgers
Rose,8,1230595,42,Play,Lyceum
Running On Empty,2,997676,8,Special,Richard Rodgers
Sacrilege,4,357454,21,Play,Belasco
Salome,10,3702428,40,Play,Ethel Barrymore
Saturday Night Fever,66,37585638,501,Musical,Minskoff
"Say Goodnight, Gracie",49,5874615,364,Play,Helen Hayes
Scandalous,9,1718924,29,Musical,Neil Simon
School For Scandal,1,27661,1,Play,Lyceum
School Of Rock,40,41726964,288,Musical,Winter Garden
Seascape,11,1526743,55,Play,Booth
Seminar,28,9819692,191,Play,Golden
Seussical,29,12927734,198,Musical,Richard Rodgers
Seven Guitars,15,2428850,120,Play,Walter Kerr
Sex And Longing,10,1474936,46,Play,Cort
Sexaholix '01,18,5337342,67,Play,Royale
Sexaholix '03,4,990923,28,Play,Broadway
Shatner'S World: We Just Live In It,3,914006,17,Special,Music Box
She Loves Me 2016,21,11744157,132,Musical,Studio 54
Shining City,13,3217082,80,Play,Biltmore
Show Boat,94,71365915,738,Musical,Gershwin
Shrek The Musical,61,46361426,441,Musical,Broadway
Shuffle Along,19,15174445,100,Musical,Music Box
Side Man,68,9808327,517,Play,Criterion
Side Show,16,4315283,91,Musical,Richard Rodgers
Side Show 2014,10,4963029,56,Musical,St. James
Sight Unseen,12,2724614,70,Play,Biltmore
Sister Act,75,52509237,561,Musical,Broadway
Six Dance Lessons In Six Weeks,7,716751,30,Play,Belasco
Sixteen Wounded,5,509381,12,Play,Walter Kerr
Skylight,16,4514236,116,Play,Royale
Skylight 2015,14,10126159,85,Play,Golden
Slava'S Snowshow,5,1435574,35,Special,Helen Hayes
Sly Fox,25,8121077,173,Play,Ethel Barrymore
Smokey Joe'S Cafe,258,88346877,2036,Musical,Virginia
Something Rotten!,73,60312720,548,Musical,St. James
Sondheim On Sondheim,15,5352642,76,Musical,Studio 54
Soul Doctor,13,1940459,66,Musical,Circle In The Square
Soul Of Shaolin,3,1225360,21,Special,Marquis
South Pacific,130,96488869,996,Musical,Vivian Beaumont
Souvenir,11,945935,68,Play,Lyceum
Speed The Plow '08,21,8477093,140,Play,Ethel Barrymore
Spider-Man Turn Off The Dark,160,212406040,1066,Musical,Foxwoods
Spring Awakening,112,57441834,859,Musical,Eugene O'Neill
Spring Awakening 2015,20,9182156,135,Musical,Brooks Atkinson
Squonk,7,466157,32,Musical,Helen Hayes
Stanley,12,1197565,77,Play,Circle In The Square
State Fair,5,790556,40,Musical,Music Box
Steel Magnolias,20,4139622,136,Play,Lyceum
Steel Pier,14,5587523,76,Musical,Richard Rodgers
Stick Fly,15,4262543,93,Play,Cort
Stones In His Pockets,27,5141100,198,Play,Golden
Street Corner Symphony,14,1090010,79,Musical,Brooks Atkinson
Summer And Smoke,10,1194418,53,Play,Criterion
Sunday In The Park With George '08,23,8812815,149,Musical,Studio 54
Sunset Boulevard,99,66992540,770,Musical,Minskoff
Superior Donuts,16,4239113,109,Play,Music Box
Swan Lake,18,7027858,124,Musical,Neil Simon
Sweeney Todd 05,48,22218240,349,Musical,Eugene O'Neill
Sweet Charity 05,38,18653757,279,Musical,Al Hirschfeld
Sweet Smell Of Success,17,7860322,109,Musical,Martin Beck
Swing!,63,24623691,461,Musical,St. James
Sylvia,14,4453376,79,Play,Cort
Taboo,15,4894998,100,Musical,Plymouth
Take Me Out,48,10975816,355,Play,Walter Kerr
Taking Sides,13,1723675,85,Play,Brooks Atkinson
Talk Radio,19,4489013,121,Play,Longacre
Taller Than A Dwarf,12,2557061,56,Play,Longacre
Tango Argentino '99,9,1929363,63,Musical,Gershwin
Tartuffe 03,12,2638852,53,Play,American Airlines
Tartuffe 96,4,171763,29,Play,Circle In The Square
Tarzan,68,42722858,486,Musical,Richard Rodgers
That Championship Season,16,8443019,97,Play,Jacobs
The 25Th Annual Putnam County Spelling Bee,145,45625516,1136,Musical,Circle In The Square
The 39 Steps,100,22104342,771,Play,American Airlines
The Addams Family,95,86677092,722,Musical,Lunt-Fontanne
The Adventures Of Tom Sawyer,7,2211829,21,Musical,Minskoff
The American Plan,12,2001797,70,Play,Friedman
The Anarchist,5,1651411,17,Play,Golden
The Apple Tree,15,4777523,99,Musical,Studio 54
The Assembled Parties,19,5402056,119,Play,Friedman
The Audience,20,22072987,114,Play,Schoenfeld
The Beauty Queen Of Leenane,48,12496388,365,Play,Walter Kerr
The Big Knife,11,2337664,56,Play,American Airlines
The Blonde In The Thunderbird,3,191165,9,Play,Brooks Atkinson
The Blue Room,14,4589721,81,Play,Cort
The Book Of Mormon,286,437403089,2258,Musical,Eugene O'Neill
The Boy From Oz,51,42738338,364,Musical,Imperial
The Boys From Syracuse,13,3286075,73,Musical,American Airlines
The Bridges Of Madison County,18,6729931,100,Musical,Schoenfeld
The Caine Mutiny Court-Martial,6,945803,17,Play,Schoenfeld
The Capeman,17,8038402,68,Musical,Marquis
The Caretaker 03,11,2156333,63,Play,American Airlines
The Chairs,12,1830517,74,Play,Golden
The Cherry Orchard,2,800000,12,Play,Martin Beck
The Civil War,12,3524775,61,Musical,St. James
The Coast Of Utopia,29,11762335,121,Play,Vivian Beaumont
The Color Purple,119,103992566,910,Musical,Broadway
The Color Purple 2015,40,30362144,282,Musical,Jacobs
The Columnist,14,3505086,86,Play,Friedman
The Constant Wife,13,3365506,77,Play,American Airlines
The Country Girl,16,5949235,97,Play,Jacobs
The Country House,11,2383928,61,Play,Friedman
The Cripple Of Inishmaan,15,7845617,105,Play,Cort
The Crucible 02,17,7657715,101,Play,Virginia
The Crucible 2016,20,11687115,125,Play,Walter Kerr
The Curious Incident Of The Dog In The Night-Time,101,66641346,775,Play,Ethel Barrymore
The Deep Blue Sea,12,1379259,61,Play,Criterion
The Diary Of Anne Frank,30,6086337,221,Play,Music Box
The Dinner Party,48,13974313,364,Play,Music Box
The Drowsy Chaperone,89,63565088,674,Musical,Marquis
The Elephant Man,10,1574221,57,Play,Royale
The Elephant Man 2014,16,14717696,83,Play,Booth
The Farnsworth Invention,18,4512535,104,Play,Music Box
The Father 2016,13,3419470,78,Play,Friedman
The Frogs,16,7691480,92,Musical,Vivian Beaumont
The Full Monty,101,47862021,770,Musical,Eugene O'Neill
The Gathering,5,360983,24,Play,Cort
The Gershwins' Fascinating Rhythm,6,970692,17,Musical,Longacre
The Gin Game,21,2260537,145,Play,Lyceum
The Gin Game 2015,16,5514614,92,Play,Golden
The Glass Menagerie '13,25,14107163,173,Play,Booth
The Glass Menagerie 05,19,4573842,120,Play,Ethel Barrymore
"The Goat, Or Who Is Sylvia?",43,7932478,309,Play,Golden
The Good Body,9,843035,40,Play,Booth
The Graduate,51,17834908,380,Play,Plymouth
The Green Bird,10,1787997,56,Musical,Cort
The Heidi Chronicles 2015,10,3257022,53,Play,Music Box
The Heiress '12,19,9604456,117,Play,Walter Kerr
The Herbal Bed,5,371767,13,Play,Eugene O'Neill
The History Boys,25,16775002,185,Play,Broadhurst
The Homecoming 07,19,4267706,137,Play,Cort
The House Of Blue Leaves '11,12,5707721,72,Play,Walter Kerr
The Humans,28,11515021,189,Play,Helen Hayes
The Iceman Cometh 99,16,8200517,102,Play,Brooks Atkinson
The Illusionists - Live On Broadway,7,6785761,64,Special,Neil Simon
The Illusionists - Witness The Impossible,6,8157068,45,Special,Marquis
The Importance Of Being Earnest,28,8012925,189,Play,American Airlines
The Invention Of Love,18,3918862,108,Play,Lyceum
The Judas Kiss,15,4629082,103,Play,Broadhurst
The King And I 2015,68,57045053,499,Musical,Vivian Beaumont
The King And I 96,91,42863180,728,Musical,Neil Simon
The Last Night Of Ballyhoo,73,11548547,556,Play,Helen Hayes
The Last Ship,17,11156287,105,Musical,Neil Simon
The Lieutenant Of Inishmore,20,3808107,142,Play,Lyceum
The Life,61,18961995,466,Musical,Ethel Barrymore
The Light In The Piazza,68,28777131,504,Musical,Vivian Beaumont
The Lion In Winter,15,2099821,93,Play,Criterion
The Lion King,980,1289388835,7803,Musical,New Amsterdam
The Little Dog Laughed,17,3345956,112,Play,Cort
The Little Foxes,11,1759936,57,Play,Vivian Beaumont
The Little Mermaid,94,82993600,685,Musical,Lunt-Fontanne
The Lonesome West,8,619334,55,Play,Lyceum
The Look Of Love,11,2344600,49,Musical,Brooks Atkinson
The Lyons,13,2509091,80,Play,Cort
The Man Who Came To Dinner,15,3854225,85,Play,American Airlines
The Man Who Had All The Luck,11,2610518,70,Play,American Airlines
The Merchant Of Venice '10,15,15335104,73,Play,Broadhurst
The Miracle Worker,8,1687067,38,Play,Circle In The Square
The Motherf**Ker With The Hat,18,10451323,112,Play,Schoenfeld
The Mountaintop,18,10864181,117,Play,Jacobs
The Music Man,91,45976995,699,Musical,Neil Simon
The Mystery Of Charles Dickens,4,253992,20,Play,Belasco
The Mystery Of Edwin Drood '12,21,7191342,136,Musical,Studio 54
The Nance,21,8563126,136,Play,Lyceum
The Normal Heart,12,4237705,86,Play,Golden
The Norman Conquests,16,4229582,109,Play,Circle In The Square
The Odd Couple 05,35,28938436,249,Play,Brooks Atkinson
The Old Neighborhood,26,3820480,197,Play,Booth
The Other Place,12,2876466,61,Play,Friedman
The Pajama Game,22,8885204,129,Musical,American Airlines
The Pee-Wee Herman Show,10,6296959,62,Play,Stephen Sondheim
The People In The Picture,12,2469422,60,Musical,Studio 54
The Performers,4,737219,6,Play,Longacre
The Phantom Of The Opera,1053,790512187,8400,Musical,Majestic
The Philanthropist,12,2463705,73,Play,American Airlines
The Pillowman,26,8946186,185,Play,Booth
The Pirate Queen,15,9054539,85,Musical,Hilton Theatre
The Pitmen Painters,13,2531130,86,Play,Friedman
The Play What I Wrote,15,2530951,89,Play,Lyceum
The Play'S The Thing,1,32682,0,Play,Criterion
The Price 99,19,3013098,128,Play,Royale
The Producers,318,288361724,2502,Musical,St. James
The Rainmaker,14,3321242,82,Play,Brooks Atkinson
The Rascals: Once Upon A Dream,3,2245793,14,Special,Richard Rodgers
The Real Thing '00,20,5645810,136,Play,Ethel Barrymore
The Real Thing 2014,14,6214364,76,Play,American Airlines
The Realistic Joneses,17,8209761,105,Play,Lyceum
The Rehearsal,11,1147712,55,Play,Criterion
The Retreat From Moscow,22,4496405,147,Play,Booth
The Ride Down Mt. Morgan,18,3948515,121,Play,Ambassador
The Ritz,13,3438536,69,Play,Studio 54
The Rivals,9,2275152,45,Play,Vivian Beaumont
The River,15,10827016,97,Play,Circle In The Square
The Road To Mecca,12,2082656,56,Play,American Airlines
The Rocky Horror Show,59,13431400,437,Musical,Circle In The Square
The Rose Tattoo,11,1039948,73,Play,Circle In The Square
The Royal Family,13,2627586,77,Play,Friedman
The Scarlet Pimpernel,103,40692704,772,Musical,Minskoff
The Scottsboro Boys,10,2750411,49,Musical,Lyceum
The Seafarer,20,4512348,133,Play,Booth
The Seagull 08,14,6430741,94,Play,Walter Kerr
The Search For Signs Of Intelligent Life In The Universe 00,28,5562894,184,Play,Booth
The Shadow Box,9,636598,49,Play,Circle In The Square
The Sisters Rosensweig,72,19086077,556,Play,Ethel Barrymore
The Smell Of The Kill,8,533380,40,Play,Helen Hayes
The Snow Geese,11,2376183,60,Play,Friedman
The Sound Of Music,72,34483971,533,Musical,Martin Beck
The Story Of My Life,3,264611,5,Musical,Booth
The Sunshine Boys,31,5023827,230,Play,Lyceum
The Tale Of The Allergist'S Wife,101,29310727,777,Play,Ethel Barrymore
The Tempest,12,4609277,70,Play,Broadhurst
The Temptations And The Four Tops On Broadway,1,819461,7,Special,Palace
The Testament Of Mary,6,1279803,16,Play,Walter Kerr
The Threepenny Opera,14,5806155,77,Musical,Studio 54
The Times They Are A-Changin',8,2636161,28,Musical,Brooks Atkinson
The Trip To Bountiful,29,13498945,187,Play,Stephen Sondheim
The Velocity Of Autumn,5,544617,16,Play,Booth
The Vertical Hour,18,7308875,117,Play,Music Box
The Violet Hour,10,2037981,54,Play,Biltmore
The Visit 2015,12,2432521,61,Musical,Lyceum
The Wedding Singer,40,19995744,285,Musical,Al Hirschfeld
The Weir,36,6874875,277,Play,Walter Kerr
The Wild Party,14,3919522,68,Musical,Virginia
The Winslow Boy,11,2392300,53,Play,American Airlines
The Woman In White,17,10445368,109,Musical,Marquis
The Women,14,4183178,77,Play,American Airlines
The Year Of Magical Thinking,24,7293267,144,Play,Booth
The Young Man From Atlanta,13,1340187,84,Play,Longacre
This Is Our Youth,20,7229324,133,Play,Cort
Thoroughly Modern Millie,118,75616509,903,Musical,Marquis
Thou Shalt Not,15,3894953,85,Musical,Plymouth
Three Days Of Rain,12,11427896,70,Play,Jacobs
Three Sisters,11,1708904,61,Play,Criterion
Thurgood,19,4613166,126,Play,Booth
Th�r�se Raquin,14,5184011,75,Play,Studio 54
Time Stands Still,31,10428041,193,Play,Friedman
Titanic,105,57150546,804,Musical,Lunt-Fontanne
Title Of Show,15,2188129,102,Musical,Lyceum
To Be Or Not To Be,9,1166048,40,Play,Friedman
Tommy,1,229369,8,Musical,St. James
Top Girls,11,2211556,63,Play,Biltmore
Topdog / Underdog,22,5405007,144,Play,Ambassador
Translations 06,10,2141231,53,Play,Biltmore
Triumph Of Love,15,3700422,85,Musical,Royale
Tru,1,134456,8,Play,Booth
True West,24,5035352,154,Play,Circle In The Square
Tuck Everlasting,9,2943941,39,Musical,Broadhurst
Twelfth Night,11,3602900,53,Play,Vivian Beaumont
Twelfth Night/Richard Iii,18,13930965,113,Play,Belasco
Twelve Angry Men,33,9325569,228,Play,American Airlines
Twentieth Century,14,3869161,84,Play,American Airlines
Uncle Vanya,7,421847,29,Play,Circle In The Square
Uncle Vanya 00,10,2366742,49,Play,Brooks Atkinson
Urban Cowboy,12,1288667,60,Musical,Broadhurst
Urinetown,125,34815864,965,Musical,Henry Miller
Vanya And Sonia And Masha And Spike,25,13130430,189,Play,Golden
Venus In Fur,29,9550145,191,Play,Friedman
Via Dolorosa,15,1751272,99,Play,Booth
Victor/Victoria,69,40484107,526,Musical,Marquis
Vincent In Brixton,12,1915989,69,Play,Golden
Violet,20,6616618,128,Musical,American Airlines
Voices In The Dark,11,1245034,68,Play,Longacre
Wait Until Dark,14,4125132,97,Play,Brooks Atkinson
Waiting For Godot,15,6908255,84,Play,Studio 54
Waiting In The Wings,26,6513905,183,Play,Walter Kerr
Waitress,21,20033709,129,Musical,Brooks Atkinson
War Horse,95,74975253,718,Play,Vivian Beaumont
Well,10,1162288,52,Play,Longacre
West Side Story,97,93028454,748,Musical,Palace
Who'S Afraid Of Virginia Woolf?,26,6574830,177,Play,Longacre
Who'S Afraid Of Virginia Woolf? '12,23,6444452,142,Play,Booth
Whoopi,13,2584289,72,Play,Lyceum
Wicked,669,1039921344,5335,Musical,Gershwin
Wishful Drinking,17,5649906,118,Play,Studio 54
Wit,11,2302405,60,Play,Friedman
Wolf Hall Parts One & Two,16,9970896,103,Play,Winter Garden
Women On The Verge Of A Nervous Breakdown,13,4820272,69,Musical,Belasco
Wonderful Town,65,29830255,497,Musical,Al Hirschfeld
Wonderland,8,4438971,33,Musical,Marquis
Wrong Mountain,6,418284,28,Play,Eugene O'Neill
Xanadu,71,17126310,512,Musical,Helen Hayes
You Can'T Take It With You,26,13227324,169,Play,Longacre
"You'Re A Good Man, Charlie Brown",21,3630774,149,Musical,Ambassador
You'Re Welcome America. A Final Night With George W. Bush,8,6723050,46,Special,Cort
Young Frankenstein,65,64053200,485,Musical,Hilton Theatre
Grand Total,31296,18654569593,226108,,